timestamp,date
06-13-2022 10:53:33,06-13-2022
08-31-2022 02:05:58,08-31-2022
03-16-2022 23:21:46,03-16-2022
03-09-2022 12:05:34,03-09-2022
04-16-2022 15:44:37,04-16-2022
08-18-2022 16:24:54,08-18-2022
08-20-2022 12:34:18,08-20-2022
08-09-2022 00:48:02,08-09-2022
08-01-2022 08:02:32,08-01-2022
09-12-2022 20:12:12,09-12-2022
07-11-2022 15:04:56,07-11-2022
07-10-2022 18:30:15,07-10-2022
08-17-2022 08:27:10,08-17-2022
03-21-2022 09:15:56,03-21-2022
10-22-2022 01:43:01,10-22-2022
03-13-2022 03:59:46,03-13-2022
07-19-2022 16:14:27,07-19-2022
02-28-2022 01:25:26,02-28-2022
08-27-2022 02:07:51,08-27-2022
06-02-2022 19:08:35,06-02-2022
01-04-2022 15:47:43,01-04-2022
05-24-2022 09:42:25,05-24-2022
11-21-2022 22:35:45,11-21-2022
09-15-2022 08:57:24,09-15-2022
04-08-2022 15:41:26,04-08-2022
08-31-2022 15:17:21,08-31-2022
12-12-2022 14:04:00,12-12-2022
09-07-2022 01:25:31,09-07-2022
11-26-2022 03:50:22,11-26-2022
03-07-2022 04:33:18,03-07-2022
09-17-2022 20:38:18,09-17-2022
06-09-2022 09:35:18,06-09-2022
08-28-2022 05:14:46,08-28-2022
11-16-2022 22:18:10,11-16-2022
09-18-2022 16:56:46,09-18-2022
08-20-2022 09:21:48,08-20-2022
11-01-2022 02:43:53,11-01-2022
04-07-2022 07:42:04,04-07-2022
06-29-2022 04:55:48,06-29-2022
09-27-2022 12:34:28,09-27-2022
01-28-2022 17:00:50,01-28-2022
06-19-2022 06:40:38,06-19-2022
08-04-2022 07:05:11,08-04-2022
08-17-2022 13:58:11,08-17-2022
01-11-2022 10:57:22,01-11-2022
02-01-2022 10:20:05,02-01-2022
01-12-2022 02:26:02,01-12-2022
08-30-2022 21:58:51,08-30-2022
03-22-2022 11:05:22,03-22-2022
08-02-2022 17:01:50,08-02-2022
07-20-2022 23:53:11,07-20-2022
04-03-2022 20:10:26,04-03-2022
09-02-2022 20:01:32,09-02-2022
08-20-2022 17:54:42,08-20-2022
06-11-2022 23:00:30,06-11-2022
08-29-2022 16:46:37,08-29-2022
05-06-2022 02:53:36,05-06-2022
06-21-2022 06:08:47,06-21-2022
12-02-2022 12:26:42,12-02-2022
06-16-2022 00:15:18,06-16-2022
05-11-2022 20:36:04,05-11-2022
04-08-2022 03:38:13,04-08-2022
01-26-2022 04:20:45,01-26-2022
01-28-2022 01:18:53,01-28-2022
09-19-2022 10:07:42,09-19-2022
05-11-2022 04:03:57,05-11-2022
10-29-2022 16:06:13,10-29-2022
06-12-2022 14:35:42,06-12-2022
06-04-2022 01:20:21,06-04-2022
10-13-2022 08:10:25,10-13-2022
11-20-2022 17:43:44,11-20-2022
02-20-2022 07:52:31,02-20-2022
02-20-2022 19:33:24,02-20-2022
06-21-2022 18:19:22,06-21-2022
08-25-2022 06:11:27,08-25-2022
09-28-2022 11:06:52,09-28-2022
10-28-2022 21:49:04,10-28-2022
08-19-2022 07:06:48,08-19-2022
12-12-2022 09:23:34,12-12-2022
01-26-2022 01:38:55,01-26-2022
03-29-2022 06:30:03,03-29-2022
09-27-2022 23:46:37,09-27-2022
06-15-2022 14:31:07,06-15-2022
02-11-2022 22:36:22,02-11-2022
12-21-2022 05:57:47,12-21-2022
10-12-2022 01:19:14,10-12-2022
02-26-2022 03:12:06,02-26-2022
12-22-2022 18:54:27,12-22-2022
02-25-2022 07:44:25,02-25-2022
02-04-2022 21:20:45,02-04-2022
06-25-2022 12:15:09,06-25-2022
08-26-2022 15:01:16,08-26-2022
07-29-2022 05:52:13,07-29-2022
05-05-2022 02:45:41,05-05-2022
12-14-2022 00:07:25,12-14-2022
09-10-2022 14:43:35,09-10-2022
05-11-2022 15:31:11,05-11-2022
10-24-2022 11:59:54,10-24-2022
12-21-2022 15:33:12,12-21-2022
01-10-2022 16:22:38,01-10-2022
04-03-2022 13:33:44,04-03-2022
06-16-2022 22:03:15,06-16-2022
02-06-2022 18:59:47,02-06-2022
02-12-2022 22:43:40,02-12-2022
04-04-2022 09:15:06,04-04-2022
02-27-2022 16:44:15,02-27-2022
01-16-2022 15:15:35,01-16-2022
08-08-2022 14:00:12,08-08-2022
12-02-2022 01:22:35,12-02-2022
12-04-2022 08:34:44,12-04-2022
02-12-2022 15:37:27,02-12-2022
12-16-2022 06:11:56,12-16-2022
10-15-2022 20:08:29,10-15-2022
05-23-2022 01:54:31,05-23-2022
05-25-2022 07:07:19,05-25-2022
04-14-2022 04:50:07,04-14-2022
03-24-2022 01:52:42,03-24-2022
08-06-2022 15:02:30,08-06-2022
10-15-2022 20:07:48,10-15-2022
02-22-2022 03:13:58,02-22-2022
05-26-2022 10:36:50,05-26-2022
08-22-2022 10:21:29,08-22-2022
09-15-2022 21:58:53,09-15-2022
05-14-2022 12:11:01,05-14-2022
10-26-2022 00:06:58,10-26-2022
10-17-2022 18:19:31,10-17-2022
10-16-2022 06:46:55,10-16-2022
12-17-2022 10:07:46,12-17-2022
08-24-2022 03:01:10,08-24-2022
03-10-2022 04:19:00,03-10-2022
11-27-2022 11:01:11,11-27-2022
05-30-2022 06:53:05,05-30-2022
02-21-2022 03:14:07,02-21-2022
11-27-2022 12:33:58,11-27-2022
09-19-2022 07:29:17,09-19-2022
12-06-2022 13:05:05,12-06-2022
05-24-2022 17:39:31,05-24-2022
09-03-2022 14:55:30,09-03-2022
01-13-2022 19:33:40,01-13-2022
08-24-2022 04:13:34,08-24-2022
12-27-2022 20:18:15,12-27-2022
12-21-2022 16:57:03,12-21-2022
09-01-2022 05:21:12,09-01-2022
03-11-2022 21:40:23,03-11-2022
01-21-2022 03:57:32,01-21-2022
09-08-2022 03:44:47,09-08-2022
01-27-2022 18:11:28,01-27-2022
11-19-2022 06:44:54,11-19-2022
02-07-2022 23:25:49,02-07-2022
07-04-2022 05:37:06,07-04-2022
04-17-2022 08:58:11,04-17-2022
01-17-2022 22:31:33,01-17-2022
06-14-2022 04:48:34,06-14-2022
10-12-2022 01:58:52,10-12-2022
09-25-2022 15:26:35,09-25-2022
08-12-2022 13:15:24,08-12-2022
10-23-2022 11:55:37,10-23-2022
02-13-2022 11:39:05,02-13-2022
02-20-2022 08:28:11,02-20-2022
01-23-2022 15:58:34,01-23-2022
07-03-2022 15:22:29,07-03-2022
06-21-2022 19:41:35,06-21-2022
10-22-2022 08:13:28,10-22-2022
02-18-2022 06:34:33,02-18-2022
03-07-2022 01:42:05,03-07-2022
09-21-2022 03:31:41,09-21-2022
03-08-2022 06:14:38,03-08-2022
01-08-2022 14:03:25,01-08-2022
10-16-2022 00:28:34,10-16-2022
10-14-2022 10:49:56,10-14-2022
08-04-2022 23:07:48,08-04-2022
09-06-2022 21:25:42,09-06-2022
12-19-2022 19:46:26,12-19-2022
03-06-2022 20:11:13,03-06-2022
02-22-2022 17:18:39,02-22-2022
01-26-2022 21:34:19,01-26-2022
01-30-2022 16:05:51,01-30-2022
04-02-2022 09:17:16,04-02-2022
03-19-2022 03:06:40,03-19-2022
11-07-2022 08:46:26,11-07-2022
07-13-2022 06:00:48,07-13-2022
09-24-2022 16:48:44,09-24-2022
05-25-2022 08:05:01,05-25-2022
06-17-2022 21:48:37,06-17-2022
09-21-2022 02:33:21,09-21-2022
03-24-2022 00:55:28,03-24-2022
03-26-2022 20:34:23,03-26-2022
01-16-2022 06:08:28,01-16-2022
05-05-2022 11:34:36,05-05-2022
05-16-2022 21:59:30,05-16-2022
10-12-2022 03:45:06,10-12-2022
05-31-2022 23:37:07,05-31-2022
06-24-2022 16:29:16,06-24-2022
03-23-2022 07:57:52,03-23-2022
08-24-2022 04:23:55,08-24-2022
02-26-2022 07:22:27,02-26-2022
11-07-2022 10:53:57,11-07-2022
11-22-2022 23:39:57,11-22-2022
06-26-2022 12:32:15,06-26-2022
01-09-2022 18:33:09,01-09-2022
03-09-2022 11:06:48,03-09-2022
08-26-2022 11:09:36,08-26-2022
06-10-2022 10:11:53,06-10-2022
05-19-2022 11:59:17,05-19-2022
07-21-2022 08:45:33,07-21-2022
03-05-2022 02:43:39,03-05-2022
12-23-2022 05:13:55,12-23-2022
11-22-2022 07:53:40,11-22-2022
05-01-2022 01:14:58,05-01-2022
04-09-2022 01:51:32,04-09-2022
02-06-2022 18:18:29,02-06-2022
03-26-2022 16:35:17,03-26-2022
05-15-2022 09:58:33,05-15-2022
06-01-2022 12:22:38,06-01-2022
02-02-2022 09:15:18,02-02-2022
11-28-2022 17:12:24,11-28-2022
04-23-2022 14:16:46,04-23-2022
02-25-2022 10:05:24,02-25-2022
06-11-2022 17:38:13,06-11-2022
08-14-2022 11:50:13,08-14-2022
10-08-2022 13:52:45,10-08-2022
12-31-2022 01:15:46,12-31-2022
11-08-2022 13:12:02,11-08-2022
05-24-2022 08:13:11,05-24-2022
01-24-2022 20:03:13,01-24-2022
03-09-2022 10:52:42,03-09-2022
03-15-2022 08:22:32,03-15-2022
06-21-2022 04:12:55,06-21-2022
06-04-2022 20:55:35,06-04-2022
07-10-2022 02:16:13,07-10-2022
12-05-2022 08:10:23,12-05-2022
03-03-2022 16:00:42,03-03-2022
01-12-2022 01:11:38,01-12-2022
11-24-2022 05:09:35,11-24-2022
05-10-2022 00:24:31,05-10-2022
06-24-2022 08:00:08,06-24-2022
04-28-2022 09:53:49,04-28-2022
08-13-2022 06:23:22,08-13-2022
05-18-2022 20:05:28,05-18-2022
09-08-2022 08:03:12,09-08-2022
08-25-2022 07:12:45,08-25-2022
01-21-2022 07:49:20,01-21-2022
11-15-2022 17:30:01,11-15-2022
10-26-2022 04:10:09,10-26-2022
06-15-2022 07:48:29,06-15-2022
12-12-2022 07:40:14,12-12-2022
08-30-2022 00:51:27,08-30-2022
01-13-2022 18:44:07,01-13-2022
12-15-2022 20:41:02,12-15-2022
05-24-2022 20:12:26,05-24-2022
08-07-2022 04:00:51,08-07-2022
11-05-2022 06:17:06,11-05-2022
01-25-2022 09:54:08,01-25-2022
03-21-2022 20:58:04,03-21-2022
01-16-2022 10:43:51,01-16-2022
03-30-2022 13:30:53,03-30-2022
05-05-2022 23:08:45,05-05-2022
01-24-2022 23:29:17,01-24-2022
02-22-2022 21:11:15,02-22-2022
02-17-2022 19:53:46,02-17-2022
09-20-2022 11:06:45,09-20-2022
01-24-2022 04:58:35,01-24-2022
07-20-2022 20:26:26,07-20-2022
07-13-2022 09:54:48,07-13-2022
06-21-2022 14:55:53,06-21-2022
02-15-2022 23:14:15,02-15-2022
03-07-2022 22:46:22,03-07-2022
01-05-2022 22:01:18,01-05-2022
12-05-2022 18:14:47,12-05-2022
11-05-2022 16:26:43,11-05-2022
01-12-2022 12:25:42,01-12-2022
08-27-2022 21:31:48,08-27-2022
01-25-2022 20:38:30,01-25-2022
09-29-2022 23:28:02,09-29-2022
03-11-2022 00:44:29,03-11-2022
01-22-2022 10:41:40,01-22-2022
09-27-2022 09:28:00,09-27-2022
05-25-2022 23:25:17,05-25-2022
12-11-2022 05:10:01,12-11-2022
09-24-2022 00:03:49,09-24-2022
04-04-2022 19:51:10,04-04-2022
01-02-2022 18:26:19,01-02-2022
11-16-2022 06:22:44,11-16-2022
07-28-2022 19:06:30,07-28-2022
10-04-2022 22:06:53,10-04-2022
06-28-2022 12:53:50,06-28-2022
01-31-2022 12:39:50,01-31-2022
11-29-2022 08:21:43,11-29-2022
08-08-2022 20:59:13,08-08-2022
05-06-2022 20:29:08,05-06-2022
01-31-2022 16:47:47,01-31-2022
05-08-2022 13:08:14,05-08-2022
06-06-2022 22:15:15,06-06-2022
01-28-2022 04:41:42,01-28-2022
05-13-2022 11:10:09,05-13-2022
06-05-2022 17:42:48,06-05-2022
07-11-2022 14:14:45,07-11-2022
01-26-2022 04:00:22,01-26-2022
11-10-2022 04:47:59,11-10-2022
12-24-2022 13:55:24,12-24-2022
06-05-2022 18:49:11,06-05-2022
12-26-2022 11:29:45,12-26-2022
05-30-2022 08:55:06,05-30-2022
05-06-2022 11:45:34,05-06-2022
10-30-2022 03:56:45,10-30-2022
12-24-2022 14:56:41,12-24-2022
01-26-2022 07:46:51,01-26-2022
05-28-2022 12:55:49,05-28-2022
12-24-2022 21:05:43,12-24-2022
11-18-2022 09:44:43,11-18-2022
01-25-2022 16:39:19,01-25-2022
11-23-2022 20:05:06,11-23-2022
11-26-2022 23:25:26,11-26-2022
03-24-2022 19:58:23,03-24-2022
05-07-2022 03:13:04,05-07-2022
07-12-2022 19:02:05,07-12-2022
01-06-2022 08:26:15,01-06-2022
11-13-2022 18:53:19,11-13-2022
09-23-2022 07:17:30,09-23-2022
08-11-2022 12:51:17,08-11-2022
01-19-2022 02:22:39,01-19-2022
11-30-2022 09:39:16,11-30-2022
04-15-2022 09:10:22,04-15-2022
12-15-2022 10:57:43,12-15-2022
02-01-2022 13:16:50,02-01-2022
03-29-2022 16:16:03,03-29-2022
03-08-2022 16:56:20,03-08-2022
09-30-2022 02:27:16,09-30-2022
09-22-2022 12:57:19,09-22-2022
03-22-2022 06:45:19,03-22-2022
10-13-2022 08:50:33,10-13-2022
06-08-2022 16:33:34,06-08-2022
05-06-2022 13:31:27,05-06-2022
12-20-2022 19:48:20,12-20-2022
09-13-2022 20:34:31,09-13-2022
12-01-2022 02:48:40,12-01-2022
11-11-2022 09:35:04,11-11-2022
07-10-2022 12:09:52,07-10-2022
03-11-2022 19:30:55,03-11-2022
04-20-2022 00:41:26,04-20-2022
03-20-2022 16:42:48,03-20-2022
05-23-2022 04:09:09,05-23-2022
08-01-2022 08:49:15,08-01-2022
01-19-2022 14:39:11,01-19-2022
11-14-2022 07:38:33,11-14-2022
06-25-2022 01:25:49,06-25-2022
12-15-2022 04:49:46,12-15-2022
01-02-2022 14:34:08,01-02-2022
02-21-2022 05:22:56,02-21-2022
06-26-2022 11:18:14,06-26-2022
11-09-2022 21:26:18,11-09-2022
08-01-2022 03:27:30,08-01-2022
04-19-2022 17:24:35,04-19-2022
11-03-2022 20:12:20,11-03-2022
04-06-2022 11:23:56,04-06-2022
09-15-2022 04:56:37,09-15-2022
04-01-2022 14:10:33,04-01-2022
05-17-2022 21:02:09,05-17-2022
08-19-2022 16:52:21,08-19-2022
07-08-2022 03:57:54,07-08-2022
04-19-2022 00:15:08,04-19-2022
10-25-2022 15:01:01,10-25-2022
12-24-2022 03:14:49,12-24-2022
11-22-2022 19:30:41,11-22-2022
05-29-2022 08:50:27,05-29-2022
04-01-2022 16:41:14,04-01-2022
06-22-2022 19:35:51,06-22-2022
03-17-2022 14:16:15,03-17-2022
09-22-2022 19:13:32,09-22-2022
03-03-2022 07:58:43,03-03-2022
06-01-2022 17:00:31,06-01-2022
05-01-2022 10:57:43,05-01-2022
04-25-2022 03:19:45,04-25-2022
05-10-2022 03:53:15,05-10-2022
03-05-2022 16:01:22,03-05-2022
09-21-2022 01:10:22,09-21-2022
06-28-2022 17:33:02,06-28-2022
07-02-2022 00:40:50,07-02-2022
11-07-2022 20:30:33,11-07-2022
09-18-2022 22:40:16,09-18-2022
12-19-2022 00:50:40,12-19-2022
09-21-2022 13:26:17,09-21-2022
12-25-2022 05:05:39,12-25-2022
08-30-2022 07:29:56,08-30-2022
03-28-2022 05:36:37,03-28-2022
02-19-2022 10:51:55,02-19-2022
01-03-2022 13:03:40,01-03-2022
05-25-2022 02:49:33,05-25-2022
01-12-2022 05:45:16,01-12-2022
03-28-2022 01:58:11,03-28-2022
05-18-2022 03:55:41,05-18-2022
06-09-2022 00:50:49,06-09-2022
01-10-2022 04:57:30,01-10-2022
03-18-2022 20:49:48,03-18-2022
05-03-2022 00:32:53,05-03-2022
03-09-2022 17:51:21,03-09-2022
08-24-2022 16:36:45,08-24-2022
04-09-2022 00:30:41,04-09-2022
09-11-2022 13:28:27,09-11-2022
10-27-2022 23:13:36,10-27-2022
11-04-2022 12:31:39,11-04-2022
10-22-2022 22:42:09,10-22-2022
09-12-2022 14:07:37,09-12-2022
05-13-2022 06:51:29,05-13-2022
07-23-2022 05:20:16,07-23-2022
12-22-2022 02:21:47,12-22-2022
04-22-2022 21:58:34,04-22-2022
12-13-2022 04:52:11,12-13-2022
01-13-2022 13:13:25,01-13-2022
01-29-2022 04:35:21,01-29-2022
07-17-2022 02:11:32,07-17-2022
04-15-2022 12:16:56,04-15-2022
01-28-2022 22:36:30,01-28-2022
01-01-2022 02:36:31,01-01-2022
05-02-2022 18:03:17,05-02-2022
01-18-2022 19:47:33,01-18-2022
04-06-2022 01:38:32,04-06-2022
04-20-2022 20:41:28,04-20-2022
10-04-2022 04:41:46,10-04-2022
03-04-2022 17:31:54,03-04-2022
12-11-2022 18:03:51,12-11-2022
12-07-2022 13:15:35,12-07-2022
12-30-2022 19:49:40,12-30-2022
10-22-2022 08:57:24,10-22-2022
10-04-2022 13:54:07,10-04-2022
09-09-2022 20:10:57,09-09-2022
06-15-2022 20:20:07,06-15-2022
04-27-2022 19:02:03,04-27-2022
11-02-2022 01:58:04,11-02-2022
03-01-2022 08:54:27,03-01-2022
03-18-2022 16:21:38,03-18-2022
03-12-2022 09:38:03,03-12-2022
04-21-2022 01:04:08,04-21-2022
07-19-2022 15:10:26,07-19-2022
10-06-2022 19:11:25,10-06-2022
06-09-2022 19:40:21,06-09-2022
01-11-2022 13:29:49,01-11-2022
06-26-2022 04:13:32,06-26-2022
07-15-2022 20:26:52,07-15-2022
07-19-2022 16:16:03,07-19-2022
12-31-2022 22:50:41,12-31-2022
08-23-2022 22:52:01,08-23-2022
09-24-2022 06:34:15,09-24-2022
06-29-2022 21:22:18,06-29-2022
04-19-2022 09:36:17,04-19-2022
01-09-2022 19:45:39,01-09-2022
01-30-2022 20:07:26,01-30-2022
06-02-2022 03:51:17,06-02-2022
11-07-2022 13:01:15,11-07-2022
06-03-2022 19:20:10,06-03-2022
04-06-2022 14:17:52,04-06-2022
06-05-2022 02:37:12,06-05-2022
11-22-2022 08:27:38,11-22-2022
12-26-2022 13:25:39,12-26-2022
05-30-2022 20:39:13,05-30-2022
04-12-2022 14:50:06,04-12-2022
04-28-2022 02:08:29,04-28-2022
05-29-2022 05:52:13,05-29-2022
09-15-2022 15:54:09,09-15-2022
02-23-2022 22:48:13,02-23-2022
09-06-2022 20:18:47,09-06-2022
07-07-2022 11:58:50,07-07-2022
07-18-2022 01:45:05,07-18-2022
11-17-2022 23:35:04,11-17-2022
12-08-2022 15:00:04,12-08-2022
03-28-2022 22:43:30,03-28-2022
02-18-2022 07:08:16,02-18-2022
05-22-2022 21:35:26,05-22-2022
05-10-2022 22:14:58,05-10-2022
01-31-2022 03:57:19,01-31-2022
06-10-2022 15:48:05,06-10-2022
12-30-2022 01:01:42,12-30-2022
03-20-2022 23:40:17,03-20-2022
10-24-2022 07:09:27,10-24-2022
09-24-2022 19:40:58,09-24-2022
06-28-2022 12:23:56,06-28-2022
11-06-2022 09:05:35,11-06-2022
01-13-2022 19:41:59,01-13-2022
06-07-2022 04:59:07,06-07-2022
11-01-2022 22:46:51,11-01-2022
09-18-2022 19:12:59,09-18-2022
01-20-2022 15:09:02,01-20-2022
03-18-2022 15:49:41,03-18-2022
01-09-2022 00:23:43,01-09-2022
11-16-2022 13:12:43,11-16-2022
02-16-2022 20:18:27,02-16-2022
04-17-2022 03:03:44,04-17-2022
03-22-2022 02:02:46,03-22-2022
09-04-2022 02:39:47,09-04-2022
09-19-2022 16:31:23,09-19-2022
03-03-2022 12:33:38,03-03-2022
02-20-2022 20:41:45,02-20-2022
11-21-2022 16:33:57,11-21-2022
05-15-2022 09:36:18,05-15-2022
11-25-2022 10:08:59,11-25-2022
05-29-2022 23:08:43,05-29-2022
10-14-2022 21:00:57,10-14-2022
12-30-2022 16:40:39,12-30-2022
10-09-2022 21:51:27,10-09-2022
01-29-2022 20:06:26,01-29-2022
04-03-2022 10:33:12,04-03-2022
04-30-2022 08:55:39,04-30-2022
07-29-2022 18:09:33,07-29-2022
10-18-2022 16:16:06,10-18-2022
10-23-2022 21:37:51,10-23-2022
10-30-2022 11:54:27,10-30-2022
11-06-2022 08:26:55,11-06-2022
10-15-2022 20:32:40,10-15-2022
12-18-2022 05:22:05,12-18-2022
12-03-2022 17:48:09,12-03-2022
01-31-2022 14:52:16,01-31-2022
10-04-2022 15:35:36,10-04-2022
12-06-2022 00:19:49,12-06-2022
11-18-2022 12:06:47,11-18-2022
10-14-2022 16:22:52,10-14-2022
02-11-2022 06:59:27,02-11-2022
12-24-2022 12:18:54,12-24-2022
12-25-2022 21:18:55,12-25-2022
08-22-2022 09:35:26,08-22-2022
01-16-2022 15:06:42,01-16-2022
05-20-2022 08:22:37,05-20-2022
01-13-2022 05:43:43,01-13-2022
05-27-2022 13:47:05,05-27-2022
11-10-2022 10:27:32,11-10-2022
12-10-2022 15:57:27,12-10-2022
02-05-2022 20:04:56,02-05-2022
03-03-2022 05:49:05,03-03-2022
10-08-2022 10:22:34,10-08-2022
10-11-2022 08:12:58,10-11-2022
04-06-2022 12:46:28,04-06-2022
09-04-2022 23:36:35,09-04-2022
12-12-2022 01:18:59,12-12-2022
04-10-2022 11:41:56,04-10-2022
06-01-2022 18:17:44,06-01-2022
01-06-2022 22:42:17,01-06-2022
01-24-2022 18:32:56,01-24-2022
08-20-2022 05:55:59,08-20-2022
10-05-2022 18:21:43,10-05-2022
01-19-2022 00:26:11,01-19-2022
12-13-2022 05:00:48,12-13-2022
05-27-2022 09:33:01,05-27-2022
08-12-2022 10:57:45,08-12-2022
08-02-2022 04:43:16,08-02-2022
05-19-2022 10:52:10,05-19-2022
06-20-2022 00:02:27,06-20-2022
04-07-2022 05:17:02,04-07-2022
06-03-2022 19:30:27,06-03-2022
07-11-2022 03:06:22,07-11-2022
11-09-2022 18:52:21,11-09-2022
04-17-2022 22:20:23,04-17-2022
09-29-2022 19:47:43,09-29-2022
06-18-2022 16:41:31,06-18-2022
05-09-2022 23:48:50,05-09-2022
12-13-2022 06:24:16,12-13-2022
09-25-2022 16:00:06,09-25-2022
08-10-2022 17:53:12,08-10-2022
04-16-2022 06:08:02,04-16-2022
06-25-2022 13:25:27,06-25-2022
01-03-2022 11:26:10,01-03-2022
03-09-2022 11:28:44,03-09-2022
03-22-2022 21:09:25,03-22-2022
06-02-2022 18:03:35,06-02-2022
04-19-2022 03:05:54,04-19-2022
06-25-2022 14:37:15,06-25-2022
12-13-2022 18:37:35,12-13-2022
06-16-2022 14:20:17,06-16-2022
12-18-2022 21:56:22,12-18-2022
11-14-2022 16:11:24,11-14-2022
04-19-2022 12:15:58,04-19-2022
02-10-2022 04:34:02,02-10-2022
09-14-2022 19:20:10,09-14-2022
10-04-2022 15:52:37,10-04-2022
03-24-2022 23:36:54,03-24-2022
08-04-2022 10:55:14,08-04-2022
11-24-2022 07:37:59,11-24-2022
07-23-2022 12:30:51,07-23-2022
10-11-2022 04:47:40,10-11-2022
10-10-2022 09:30:31,10-10-2022
02-03-2022 11:32:00,02-03-2022
01-14-2022 22:59:46,01-14-2022
03-04-2022 21:08:10,03-04-2022
11-11-2022 19:19:12,11-11-2022
12-08-2022 17:25:29,12-08-2022
05-11-2022 05:43:09,05-11-2022
08-22-2022 02:02:45,08-22-2022
08-08-2022 23:05:21,08-08-2022
01-21-2022 07:17:36,01-21-2022
02-25-2022 00:06:47,02-25-2022
10-27-2022 06:56:48,10-27-2022
11-12-2022 13:19:41,11-12-2022
02-20-2022 00:39:59,02-20-2022
09-08-2022 19:16:05,09-08-2022
04-11-2022 02:17:19,04-11-2022
10-31-2022 01:49:31,10-31-2022
12-25-2022 12:33:46,12-25-2022
09-08-2022 10:52:37,09-08-2022
11-21-2022 19:46:15,11-21-2022
07-22-2022 06:58:28,07-22-2022
03-31-2022 18:47:25,03-31-2022
03-16-2022 17:08:25,03-16-2022
08-08-2022 12:30:13,08-08-2022
03-13-2022 14:33:44,03-13-2022
08-31-2022 17:43:47,08-31-2022
07-27-2022 12:38:31,07-27-2022
11-16-2022 11:58:04,11-16-2022
07-07-2022 12:31:48,07-07-2022
12-18-2022 08:08:43,12-18-2022
03-22-2022 00:38:01,03-22-2022
01-19-2022 03:54:22,01-19-2022
11-18-2022 23:32:05,11-18-2022
02-08-2022 19:08:37,02-08-2022
01-20-2022 10:46:41,01-20-2022
09-11-2022 16:04:35,09-11-2022
06-09-2022 04:41:36,06-09-2022
11-04-2022 22:42:50,11-04-2022
10-04-2022 00:43:15,10-04-2022
07-10-2022 20:56:16,07-10-2022
06-15-2022 23:08:36,06-15-2022
08-16-2022 11:20:23,08-16-2022
10-03-2022 01:21:22,10-03-2022
10-27-2022 19:40:00,10-27-2022
03-11-2022 12:55:16,03-11-2022
06-08-2022 01:22:36,06-08-2022
11-05-2022 09:52:51,11-05-2022
05-04-2022 20:27:15,05-04-2022
11-15-2022 12:12:10,11-15-2022
01-12-2022 22:58:58,01-12-2022
04-29-2022 05:50:37,04-29-2022
10-24-2022 12:38:23,10-24-2022
08-26-2022 18:43:18,08-26-2022
04-04-2022 16:54:34,04-04-2022
08-11-2022 01:19:43,08-11-2022
01-07-2022 11:03:36,01-07-2022
02-21-2022 14:01:40,02-21-2022
05-11-2022 08:20:58,05-11-2022
06-21-2022 07:05:54,06-21-2022
02-25-2022 21:46:29,02-25-2022
03-19-2022 10:19:18,03-19-2022
07-28-2022 04:48:55,07-28-2022
02-17-2022 08:13:33,02-17-2022
08-03-2022 08:53:52,08-03-2022
09-03-2022 18:30:23,09-03-2022
07-25-2022 02:02:00,07-25-2022
09-10-2022 08:43:11,09-10-2022
06-03-2022 13:01:03,06-03-2022
10-02-2022 08:43:51,10-02-2022
04-23-2022 20:50:40,04-23-2022
09-25-2022 02:49:31,09-25-2022
04-29-2022 17:45:08,04-29-2022
09-10-2022 08:28:32,09-10-2022
10-28-2022 05:26:42,10-28-2022
06-20-2022 23:33:36,06-20-2022
03-18-2022 00:05:32,03-18-2022
09-27-2022 20:58:32,09-27-2022
06-20-2022 21:19:42,06-20-2022
01-22-2022 22:09:10,01-22-2022
06-15-2022 09:05:04,06-15-2022
02-05-2022 00:47:20,02-05-2022
11-25-2022 03:30:46,11-25-2022
01-04-2022 14:19:03,01-04-2022
01-18-2022 02:51:14,01-18-2022
03-01-2022 05:33:24,03-01-2022
05-04-2022 03:45:05,05-04-2022
11-24-2022 05:26:00,11-24-2022
02-23-2022 20:55:37,02-23-2022
01-30-2022 01:54:31,01-30-2022
12-08-2022 20:28:56,12-08-2022
09-19-2022 21:04:20,09-19-2022
08-20-2022 18:42:39,08-20-2022
04-13-2022 14:25:33,04-13-2022
09-02-2022 09:43:39,09-02-2022
04-20-2022 14:50:01,04-20-2022
01-10-2022 22:10:23,01-10-2022
09-18-2022 20:06:55,09-18-2022
11-13-2022 08:52:55,11-13-2022
09-19-2022 17:08:02,09-19-2022
01-22-2022 06:31:44,01-22-2022
11-04-2022 09:20:48,11-04-2022
05-18-2022 16:50:42,05-18-2022
02-04-2022 05:04:25,02-04-2022
05-18-2022 15:49:15,05-18-2022
03-21-2022 03:59:50,03-21-2022
02-21-2022 16:48:41,02-21-2022
04-24-2022 06:02:58,04-24-2022
09-10-2022 19:13:29,09-10-2022
07-08-2022 15:02:54,07-08-2022
10-22-2022 03:22:02,10-22-2022
09-22-2022 05:31:00,09-22-2022
01-20-2022 02:48:13,01-20-2022
05-08-2022 23:29:02,05-08-2022
07-06-2022 17:26:21,07-06-2022
08-10-2022 18:05:46,08-10-2022
03-27-2022 07:39:52,03-27-2022
06-15-2022 20:11:37,06-15-2022
11-06-2022 09:51:14,11-06-2022
11-01-2022 00:51:57,11-01-2022
05-10-2022 14:58:56,05-10-2022
09-19-2022 04:53:16,09-19-2022
01-10-2022 19:51:30,01-10-2022
08-11-2022 04:18:31,08-11-2022
01-21-2022 01:15:41,01-21-2022
02-14-2022 06:37:42,02-14-2022
12-29-2022 08:06:56,12-29-2022
11-03-2022 15:43:59,11-03-2022
09-13-2022 14:15:27,09-13-2022
08-28-2022 09:38:36,08-28-2022
03-26-2022 12:28:40,03-26-2022
01-02-2022 10:46:40,01-02-2022
09-29-2022 12:26:34,09-29-2022
03-17-2022 20:30:45,03-17-2022
02-23-2022 13:22:07,02-23-2022
01-17-2022 19:59:27,01-17-2022
11-02-2022 16:04:01,11-02-2022
07-17-2022 09:21:39,07-17-2022
11-07-2022 18:12:41,11-07-2022
06-06-2022 23:00:01,06-06-2022
11-09-2022 13:32:29,11-09-2022
08-25-2022 15:01:47,08-25-2022
06-01-2022 01:42:07,06-01-2022
10-02-2022 05:47:58,10-02-2022
05-27-2022 03:38:26,05-27-2022
04-25-2022 05:59:57,04-25-2022
04-08-2022 09:07:41,04-08-2022
02-21-2022 02:40:11,02-21-2022
09-20-2022 22:08:58,09-20-2022
12-06-2022 09:08:15,12-06-2022
05-20-2022 15:10:11,05-20-2022
04-03-2022 20:28:20,04-03-2022
07-31-2022 12:36:06,07-31-2022
10-01-2022 00:44:18,10-01-2022
12-02-2022 08:52:25,12-02-2022
08-30-2022 07:29:29,08-30-2022
07-07-2022 08:09:48,07-07-2022
11-24-2022 11:54:21,11-24-2022
11-16-2022 19:34:08,11-16-2022
02-21-2022 22:34:05,02-21-2022
01-10-2022 18:59:05,01-10-2022
07-06-2022 17:15:24,07-06-2022
11-11-2022 00:48:09,11-11-2022
10-14-2022 05:39:51,10-14-2022
01-15-2022 08:45:34,01-15-2022
12-12-2022 14:38:11,12-12-2022
12-04-2022 19:13:32,12-04-2022
11-27-2022 16:57:48,11-27-2022
07-20-2022 03:27:45,07-20-2022
09-01-2022 17:41:36,09-01-2022
07-11-2022 15:40:06,07-11-2022
10-15-2022 11:41:12,10-15-2022
07-28-2022 10:34:55,07-28-2022
01-18-2022 11:07:54,01-18-2022
06-03-2022 16:54:28,06-03-2022
04-18-2022 06:26:31,04-18-2022
07-02-2022 03:51:29,07-02-2022
04-02-2022 00:56:36,04-02-2022
08-14-2022 07:33:46,08-14-2022
07-18-2022 08:51:40,07-18-2022
10-16-2022 08:19:35,10-16-2022
03-16-2022 18:54:52,03-16-2022
02-12-2022 18:21:56,02-12-2022
03-09-2022 13:18:24,03-09-2022
01-06-2022 13:01:24,01-06-2022
04-02-2022 23:53:27,04-02-2022
11-05-2022 01:38:30,11-05-2022
04-13-2022 01:19:35,04-13-2022
09-10-2022 21:35:29,09-10-2022
12-24-2022 12:04:42,12-24-2022
05-25-2022 23:17:12,05-25-2022
10-28-2022 00:50:41,10-28-2022
03-24-2022 20:19:40,03-24-2022
11-12-2022 10:57:32,11-12-2022
02-14-2022 10:33:59,02-14-2022
09-06-2022 02:53:47,09-06-2022
08-21-2022 11:25:10,08-21-2022
10-20-2022 01:23:41,10-20-2022
02-08-2022 09:24:01,02-08-2022
11-18-2022 00:22:39,11-18-2022
01-04-2022 14:46:06,01-04-2022
11-24-2022 12:05:02,11-24-2022
12-02-2022 01:40:02,12-02-2022
10-13-2022 05:01:42,10-13-2022
05-16-2022 15:36:40,05-16-2022
07-18-2022 01:34:31,07-18-2022
07-06-2022 15:23:39,07-06-2022
03-26-2022 05:02:53,03-26-2022
07-05-2022 22:15:14,07-05-2022
08-12-2022 17:57:26,08-12-2022
12-12-2022 21:39:12,12-12-2022
04-12-2022 23:29:53,04-12-2022
05-06-2022 17:30:57,05-06-2022
04-12-2022 16:04:17,04-12-2022
12-26-2022 21:49:52,12-26-2022
06-17-2022 06:15:29,06-17-2022
10-31-2022 22:10:25,10-31-2022
07-29-2022 03:13:10,07-29-2022
05-31-2022 10:55:06,05-31-2022
01-13-2022 09:00:33,01-13-2022
02-20-2022 19:09:33,02-20-2022
10-14-2022 08:59:39,10-14-2022
04-15-2022 15:46:18,04-15-2022
10-08-2022 11:37:20,10-08-2022
02-05-2022 23:43:12,02-05-2022
04-09-2022 09:39:48,04-09-2022
05-30-2022 20:34:50,05-30-2022
02-06-2022 08:54:15,02-06-2022
08-23-2022 14:22:57,08-23-2022
06-13-2022 13:39:19,06-13-2022
12-18-2022 06:08:23,12-18-2022
12-28-2022 22:16:40,12-28-2022
12-03-2022 12:43:28,12-03-2022
07-13-2022 15:07:47,07-13-2022
01-02-2022 01:12:12,01-02-2022
02-15-2022 08:16:17,02-15-2022
11-06-2022 08:59:27,11-06-2022
11-23-2022 18:36:11,11-23-2022
10-06-2022 10:49:55,10-06-2022
05-20-2022 21:21:11,05-20-2022
11-15-2022 12:33:00,11-15-2022
05-23-2022 12:46:50,05-23-2022
01-24-2022 20:05:33,01-24-2022
05-19-2022 19:43:21,05-19-2022
11-04-2022 11:21:02,11-04-2022
10-25-2022 10:06:20,10-25-2022
07-04-2022 08:35:14,07-04-2022
10-12-2022 11:13:31,10-12-2022
04-01-2022 19:02:52,04-01-2022
06-26-2022 06:18:42,06-26-2022
06-04-2022 01:05:23,06-04-2022
12-14-2022 20:35:21,12-14-2022
03-21-2022 02:36:46,03-21-2022
09-27-2022 02:15:02,09-27-2022
12-09-2022 07:02:09,12-09-2022
10-25-2022 19:15:44,10-25-2022
02-06-2022 07:17:35,02-06-2022
09-04-2022 10:56:57,09-04-2022
07-17-2022 06:43:05,07-17-2022
07-26-2022 10:37:31,07-26-2022
04-10-2022 06:55:28,04-10-2022
03-31-2022 17:52:55,03-31-2022
12-17-2022 01:29:35,12-17-2022
03-16-2022 17:15:01,03-16-2022
07-07-2022 04:23:40,07-07-2022
08-07-2022 02:33:42,08-07-2022
06-09-2022 18:49:37,06-09-2022
04-25-2022 08:04:18,04-25-2022
07-15-2022 18:11:51,07-15-2022
11-04-2022 04:53:00,11-04-2022
10-29-2022 18:35:26,10-29-2022
11-29-2022 20:22:49,11-29-2022
07-19-2022 03:51:23,07-19-2022
10-13-2022 02:14:05,10-13-2022
01-30-2022 20:41:52,01-30-2022
06-14-2022 15:44:14,06-14-2022
03-05-2022 13:23:00,03-05-2022
08-25-2022 09:43:39,08-25-2022
09-19-2022 22:42:21,09-19-2022
06-15-2022 04:24:38,06-15-2022
12-10-2022 23:06:02,12-10-2022
03-08-2022 16:39:29,03-08-2022
10-14-2022 14:21:51,10-14-2022
08-12-2022 02:12:06,08-12-2022
05-30-2022 21:10:54,05-30-2022
07-10-2022 03:30:31,07-10-2022
05-02-2022 06:14:55,05-02-2022
09-20-2022 23:51:34,09-20-2022
01-30-2022 00:51:10,01-30-2022
08-08-2022 08:40:00,08-08-2022
06-01-2022 01:38:52,06-01-2022
02-20-2022 18:56:06,02-20-2022
09-04-2022 01:13:49,09-04-2022
10-22-2022 23:41:16,10-22-2022
11-28-2022 14:59:23,11-28-2022
03-31-2022 17:23:45,03-31-2022
07-05-2022 14:09:36,07-05-2022
10-19-2022 08:50:37,10-19-2022
05-10-2022 01:19:33,05-10-2022
10-04-2022 09:03:55,10-04-2022
01-23-2022 13:35:06,01-23-2022
02-28-2022 02:12:03,02-28-2022
04-24-2022 03:55:53,04-24-2022
03-22-2022 12:37:51,03-22-2022
02-12-2022 18:19:24,02-12-2022
05-08-2022 20:32:20,05-08-2022
04-29-2022 02:20:20,04-29-2022
03-14-2022 17:29:14,03-14-2022
04-18-2022 20:38:21,04-18-2022
05-01-2022 23:18:31,05-01-2022
10-26-2022 06:50:46,10-26-2022
01-16-2022 00:53:36,01-16-2022
11-15-2022 06:08:10,11-15-2022
11-25-2022 12:10:54,11-25-2022
04-02-2022 03:02:16,04-02-2022
12-23-2022 18:42:04,12-23-2022
01-18-2022 17:07:59,01-18-2022
08-10-2022 21:10:00,08-10-2022
03-26-2022 12:20:05,03-26-2022
09-12-2022 12:31:09,09-12-2022
09-23-2022 12:54:19,09-23-2022
03-30-2022 14:23:17,03-30-2022
04-05-2022 08:00:00,04-05-2022
11-18-2022 15:52:55,11-18-2022
06-10-2022 19:14:23,06-10-2022
04-12-2022 02:39:01,04-12-2022
01-09-2022 07:06:16,01-09-2022
05-26-2022 21:37:42,05-26-2022
11-08-2022 02:01:00,11-08-2022
06-06-2022 21:55:25,06-06-2022
09-10-2022 00:45:35,09-10-2022
03-12-2022 05:02:42,03-12-2022
04-09-2022 18:19:17,04-09-2022
02-28-2022 22:09:11,02-28-2022
10-12-2022 23:54:09,10-12-2022
01-03-2022 00:08:13,01-03-2022
08-31-2022 00:52:27,08-31-2022
12-28-2022 18:14:03,12-28-2022
01-08-2022 17:14:14,01-08-2022
12-15-2022 04:12:30,12-15-2022
12-21-2022 15:57:22,12-21-2022
03-15-2022 13:56:42,03-15-2022
02-04-2022 07:36:57,02-04-2022
12-02-2022 06:13:43,12-02-2022
09-07-2022 05:14:26,09-07-2022
09-13-2022 20:33:04,09-13-2022
09-24-2022 05:40:25,09-24-2022
04-10-2022 14:35:30,04-10-2022
10-05-2022 19:32:09,10-05-2022
03-20-2022 22:47:02,03-20-2022
03-31-2022 21:43:12,03-31-2022
01-26-2022 11:12:46,01-26-2022
11-07-2022 04:11:29,11-07-2022
05-12-2022 18:51:31,05-12-2022
01-14-2022 01:58:21,01-14-2022
03-17-2022 16:17:01,03-17-2022
04-29-2022 20:26:08,04-29-2022
10-11-2022 17:27:38,10-11-2022
08-26-2022 04:37:02,08-26-2022
03-19-2022 05:21:21,03-19-2022
01-29-2022 07:02:36,01-29-2022
02-24-2022 21:42:57,02-24-2022
01-19-2022 14:48:02,01-19-2022
11-04-2022 08:58:49,11-04-2022
02-02-2022 18:24:15,02-02-2022
09-12-2022 12:32:35,09-12-2022
09-12-2022 08:30:34,09-12-2022
05-29-2022 10:25:49,05-29-2022
03-31-2022 16:42:31,03-31-2022
03-18-2022 11:28:49,03-18-2022
05-01-2022 09:58:26,05-01-2022
02-02-2022 22:14:18,02-02-2022
08-16-2022 02:48:38,08-16-2022
10-05-2022 15:38:32,10-05-2022
12-30-2022 08:12:23,12-30-2022
05-15-2022 09:15:47,05-15-2022
05-28-2022 02:44:12,05-28-2022
01-22-2022 06:53:50,01-22-2022
01-19-2022 06:44:56,01-19-2022
08-13-2022 08:45:01,08-13-2022
10-18-2022 10:31:36,10-18-2022
07-27-2022 12:51:18,07-27-2022
09-25-2022 12:36:10,09-25-2022
06-17-2022 07:47:55,06-17-2022
07-16-2022 11:02:43,07-16-2022
01-07-2022 21:43:32,01-07-2022
05-07-2022 13:51:39,05-07-2022
01-18-2022 12:16:13,01-18-2022
10-18-2022 04:01:24,10-18-2022
01-02-2022 02:50:15,01-02-2022
04-02-2022 20:19:20,04-02-2022
05-19-2022 02:14:10,05-19-2022
11-12-2022 13:29:36,11-12-2022
11-19-2022 21:01:42,11-19-2022
03-27-2022 23:34:55,03-27-2022
04-02-2022 13:08:52,04-02-2022
12-01-2022 00:20:40,12-01-2022
11-25-2022 01:51:39,11-25-2022
10-29-2022 01:55:27,10-29-2022
10-25-2022 11:48:07,10-25-2022
02-28-2022 00:23:20,02-28-2022
06-11-2022 16:29:42,06-11-2022
06-03-2022 10:21:34,06-03-2022
01-25-2022 00:00:07,01-25-2022
03-11-2022 05:25:58,03-11-2022
12-29-2022 07:38:50,12-29-2022
07-01-2022 08:36:30,07-01-2022
02-06-2022 09:55:42,02-06-2022
08-19-2022 07:53:40,08-19-2022
09-05-2022 12:44:31,09-05-2022
10-13-2022 22:04:03,10-13-2022
05-20-2022 23:00:49,05-20-2022
07-02-2022 06:02:06,07-02-2022
05-03-2022 03:04:41,05-03-2022
01-21-2022 02:57:24,01-21-2022
02-11-2022 16:58:34,02-11-2022
01-13-2022 15:48:37,01-13-2022
06-29-2022 02:07:03,06-29-2022
05-26-2022 14:35:00,05-26-2022
09-13-2022 00:31:42,09-13-2022
08-23-2022 19:05:24,08-23-2022
12-26-2022 15:18:44,12-26-2022
04-02-2022 20:24:54,04-02-2022
02-11-2022 23:32:53,02-11-2022
